{"cameraMode":{"drawMode":0,"name":"Shaded","section":"Shading Mode"},"sceneLighting":true,"audioPlay":false,"sceneViewState":{"m_AlwaysRefresh":false,"showFog":true,"showSkybox":true,"showFlares":true,"showImageEffects":true,"showParticleSystems":true,"showVisualEffectGraphs":true,"m_FxEnabled":true},"in2DMode":false,"pivot":{"x":-11.229999542236329,"y":8.9399995803833,"z":-11.260000228881836},"rotation":{"x":0.21728722751140595,"y":-0.11158394068479538,"z":0.025011803954839708,"w":0.9694077372550964},"size":13.530811309814454,"orthographic":true}